Seat No.,Passenger,Voucher Serial No.,SGV Amount,Status,Date of Expiry,Remarks
51G,ABBOTT CLAIRE,SR1000000953,100,Active,2026-05-17,
51G,ABBOTT CLAIRE,SR1000000954,75,Active,2026-08-21,
51G,ABBOTT CLAIRE,SR1000000123,50,Expired,2025-11-15,
51G,ABBOTT CLAIRE,SR2025093010471750493,50,Active,2026-05-14,
51G,ABBOTT CLAIRE,SR2025093010471719656,100,Active,2025-11-05,
51G,ABBOTT CLAIRE,SR2025093010471731914,50,Active,2026-03-27,
51G,ABBOTT CLAIRE,SR2025093010471717140,50,Active,2026-03-29,
51G,ABBOTT CLAIRE,SR2025093010471794682,50,Active,2026-09-12,
51G,ABBOTT CLAIRE,SR2025093010471774284,50,Active,2026-02-21,
51G,ABBOTT CLAIRE,SR2025093010471732615,100,Active,2025-12-07,
51G,ABBOTT CLAIRE,SR2025093010471752928,100,Active,2026-08-20,
49B,VIKRAM PRABHU,SR2025093010471720584,100,Active,2026-07-22,
49B,VIKRAM PRABHU,SR2025093010471719980,100,Active,2026-11-13,
49B,VIKRAM PRABHU,SR2025093010471716189,50,Active,2026-01-12,
49B,VIKRAM PRABHU,SR2025093010471764464,75,Active,2026-09-26,
49B,VIKRAM PRABHU,SR2025093010471756456,75,Active,2026-10-26,
49B,VIKRAM PRABHU,SR2025093010471781541,50,Active,2026-11-30,
49B,VIKRAM PRABHU,SR2025093010471760653,100,Active,2026-08-26,
49B,VIKRAM PRABHU,SR2025093010471772319,50,Active,2026-05-12,
49B,VIKRAM PRABHU,SR2025093010471787553,50,Expired,2026-11-20,
33J,JONES JAMES,SR2025093010471788281,100,Active,2026-04-09,
33J,JONES JAMES,SR2025093010471781154,100,Active,2026-10-28,
33J,JONES JAMES,SR2025093010471791668,50,Active,2026-07-05,
33J,JONES JAMES,SR2025093010471758599,100,Active,2026-01-09,
33J,JONES JAMES,SR2025093010471784899,75,Active,2026-03-19,
33J,JONES JAMES,SR2025093010471783359,100,Active,2026-10-30,
33J,JONES JAMES,SR2025093010471757255,50,Active,2026-09-06,
33J,JONES JAMES,SR2025093010471716037,75,Active,2026-09-19,
33J,JONES JAMES,SR2025093010471750760,75,Active,2026-01-07,
37H,DYSON KARENELSLEY,SR2025093010471738427,75,Active,2025-11-16,
37H,DYSON KARENELSLEY,SR2025093010471752555,100,Active,2026-12-21,
37H,DYSON KARENELSLEY,SR2025093010471725420,50,Active,2026-12-26,
37H,DYSON KARENELSLEY,SR2025093010471777439,50,Active,2026-10-26,
37H,DYSON KARENELSLEY,SR2025093010471728643,75,Active,2026-07-14,
37H,DYSON KARENELSLEY,SR2025093010471752978,75,Active,2026-09-11,
37H,DYSON KARENELSLEY,SR2025093010471780775,100,Active,2026-06-01,
37H,DYSON KARENELSLEY,SR2025093010471799197,100,Expired,2026-11-04,
37H,DYSON KARENELSLEY,SR2025093010471750323,75,Void,2026-10-18,Voided on 2024-09-04
37H,DYSON KARENELSLEY,SR2025093010471716836,75,Active,2026-12-14,
38D,TEO BEO LIM,SR2025093010471720410,100,Active,2026-07-10,
38D,TEO BEO LIM,SR2025093010471720356,100,Active,2026-01-04,
38D,TEO BEO LIM,SR2025093010471799536,100,Active,2026-07-20,
38D,TEO BEO LIM,SR2025093010471774942,75,Active,2026-11-14,
38D,TEO BEO LIM,SR2025093010471722524,75,Active,2026-07-10,
38D,TEO BEO LIM,SR2025093010471759549,50,Active,2026-08-12,
38D,TEO BEO LIM,SR2025093010471786753,100,Active,2026-12-26,
38D,TEO BEO LIM,SR2025093010471794898,50,Active,2026-12-15,
38D,TEO BEO LIM,SR2025093010471764056,50,Void,2026-12-10,Voided on 2024-01-28
39G,KOKA SITHARAM,SR2025093010471781243,100,Active,2025-11-02,
39G,KOKA SITHARAM,SR2025093010471746438,100,Active,2026-12-22,
39G,KOKA SITHARAM,SR2025093010471732888,50,Active,2026-10-11,
39G,KOKA SITHARAM,SR2025093010471785739,50,Active,2026-08-20,
39G,KOKA SITHARAM,SR2025093010471784813,50,Active,2026-12-07,
39G,KOKA SITHARAM,SR2025093010471736534,100,Active,2026-10-24,
39G,KOKA SITHARAM,SR2025093010471792754,75,Active,2026-10-09,
39G,KOKA SITHARAM,SR2025093010471720439,75,Active,2026-10-14,
39G,KOKA SITHARAM,SR2025093010471730971,100,Void,2026-09-19,Voided on 2023-10-26
41D,GOLDMAN JEREMY,SR2025093010471795494,50,Active,2026-02-19,
41D,GOLDMAN JEREMY,SR2025093010471786835,75,Active,2025-12-07,
41D,GOLDMAN JEREMY,SR2025093010471790891,75,Active,2025-11-09,
41D,GOLDMAN JEREMY,SR2025093010471757461,100,Active,2025-11-15,
41D,GOLDMAN JEREMY,SR2025093010471727426,50,Active,2026-01-01,
41D,GOLDMAN JEREMY,SR2025093010471757693,50,Active,2026-09-16,
41D,GOLDMAN JEREMY,SR2025093010471745829,100,Active,2026-04-27,
41D,GOLDMAN JEREMY,SR2025093010471711493,50,Active,2025-12-17,
41D,GOLDMAN JEREMY,SR2025093010471799234,50,Active,2026-05-05,
45J,TAYLOR LISA,SR2025093010471734685,75,Active,2026-12-26,
45J,TAYLOR LISA,SR2025093010471752926,50,Active,2026-06-13,
45J,TAYLOR LISA,SR2025093010471777884,100,Active,2026-08-06,
45J,TAYLOR LISA,SR2025093010471723378,50,Active,2025-11-19,
45J,TAYLOR LISA,SR2025093010471789533,100,Active,2026-09-11,
45J,TAYLOR LISA,SR2025093010471727628,75,Active,2025-11-03,
45J,TAYLOR LISA,SR2025093010471716351,100,Active,2026-09-10,
45J,TAYLOR LISA,SR2025093010471767317,50,Active,2026-07-24,
45J,TAYLOR LISA,SR2025093010471789022,100,Expired,2026-10-08,
45J,TAYLOR LISA,SR2025093010471755351,100,Void,2026-02-27,Voided on 2024-03-11
22A,DUCKER RAYMOND,SR2025093010471762078,75,Void,2026-07-02,Voided on 2022-10-24
22A,DUCKER RAYMOND,SR2025093010471799743,100,Active,2026-03-09,
22A,DUCKER RAYMOND,SR2025093010471752625,75,Expired,2025-10-26,
22A,DUCKER RAYMOND,SR2025093010471778740,75,Active,2026-06-15,
18F,HOLLING DARRIEN,SR2025093010471790225,50,Void,2026-12-07,Voided on 2024-04-29
18F,HOLLING DARRIEN,SR2025093010471724069,50,Void,2025-11-29,Voided on 2023-01-06
18F,HOLLING DARRIEN,SR2025093010471726695,50,Active,2026-11-12,
22F,SUNNY TAO,SR2025093010471744763,50,Expired,2026-07-09,
22F,SUNNY TAO,SR2025093010471783956,50,Expired,2026-07-26,
22F,SUNNY TAO,SR2025093010471782012,75,Expired,2025-12-11,
22F,SUNNY TAO,SR2025093010471716524,50,Active,2026-09-27,
2D,KRISHNAVENI SEEBA,SR2025093010471714033,75,Active,2026-07-21,
2D,KRISHNAVENI SEEBA,SR2025093010471793843,75,Active,2025-11-27,
2D,KRISHNAVENI SEEBA,SR2025093010471743421,75,Active,2026-11-10,
14C,MARTINEZ SOFIA,SR2025093010471737512,100,Active,2026-11-06,
7A,LEE WEI MING,SR2025093010471716843,50,Expired,2026-06-24,
7A,LEE WEI MING,SR2025093010471766663,75,Void,2026-03-03,Voided on 2022-10-16
21E,NGUYEN AN,SR2025093010471721230,75,Active,2026-12-13,
21E,NGUYEN AN,SR2025093010471741990,75,Void,2025-12-02,Voided on 2023-04-01
10B,PARK JI SOO,SR2025093010471737754,50,Expired,2026-03-09,
10B,PARK JI SOO,SR2025093010471711874,100,Active,2026-02-22,
12D,SMITH OLIVER,SR2025093010471720894,100,Expired,2026-11-02,
12D,SMITH OLIVER,SR2025093010471795460,100,Expired,2026-11-16,
12D,SMITH OLIVER,SR2025093010471745035,100,Void,2026-02-07,Voided on 2023-10-19
12D,SMITH OLIVER,SR2025093010471715526,50,Active,2026-02-20,
16F,CHEN MEI,SR2025093010471715620,100,Expired,2026-11-07,
16F,CHEN MEI,SR2025093010471734898,75,Active,2026-09-22,
28A,ADAMS NOAH,SR2025093010471737567,50,Expired,2026-06-17,
28A,ADAMS NOAH,SR2025093010471766051,50,Active,2026-07-04,
30C,SANTOS MARIA,SR2025093010471728710,75,Expired,2026-12-31,
30C,SANTOS MARIA,SR2025093010471738574,100,Active,2026-05-08,
30C,SANTOS MARIA,SR2025093010471789410,50,Expired,2025-12-03,
